{"cameraMode":{"drawMode":0,"name":"Shaded","section":"Shading Mode"},"sceneLighting":false,"audioPlay":false,"sceneViewState":{"showFog":true,"showMaterialUpdate":false,"showSkybox":true,"showFlares":true,"showImageEffects":true,"showParticleSystems":true},"in2DMode":false,"pivot":{"x":-24.1608829498291,"y":31.9246883392334,"z":-13.357897758483887},"rotation":{"x":-0.4839683473110199,"y":-0.1336519867181778,"z":0.07507728785276413,"w":-0.861553966999054},"size":31.95424461364746,"orthographic":false}